6934207617464944996,WORLD_NEWS
6934207617464944996,BUSINESS
6934207617464944996,GOVERNMENT
6934207617464944996,FINANCE
6934207617464944996,ENVIRONMENTAL
6934207617464944996,TECHNOLOGY
6934207617464944996,WEATHER
6934207617464944996,LOCAL_NEWS
6934207617464944996,HEALTH
8082284193325009370,SPORTS
8082284193325009370,BUSINESS
8082284193325009370,TECHNOLOGY
8082284193325009370,WORLD_NEWS
8082284193325009370,GOVERNMENT
8082284193325009370,FINANCE
5586433513566129058,LOCAL_NEWS
1754880725613234814,FINANCE
1754880725613234814,WORLD_NEWS
1754880725613234814,LOCAL_NEWS
1754880725613234814,GOVERNMENT
2803116204483103530,SPORTS
2803116204483103530,WORLD_NEWS
2803116204483103530,BUSINESS
2803116204483103530,LOCAL_NEWS
2803116204483103530,FINANCE
2803116204483103530,GOVERNMENT
2803116204483103530,HEALTH
2803116204483103530,WEATHER
2803116204483103530,ENVIRONMENTAL
8193624796016430231,TECHNOLOGY
8193624796016430231,FINANCE
8193624796016430231,ENVIRONMENTAL
6512097874187994918,FINANCE
6512097874187994918,GOVERNMENT
2657570990957022313,GOVERNMENT
7186306966845213025,FINANCE
7186306966845213025,LOCAL_NEWS
7186306966845213025,WORLD_NEWS
775483982165263937,WORLD_NEWS
775483982165263937,LOCAL_NEWS
7155951111118933381,FINANCE
2930118847684626971,WORLD_NEWS
2930118847684626971,TECHNOLOGY
1409046532344464305,ENVIRONMENTAL
1409046532344464305,GOVERNMENT
